{
  "timestamp": "2025-08-06T13:31:38.713121",
  "quality_overview": {
    "total_orders": 105,
    "quality_distribution": {
      "A": 28,
      "C": 25,
      "Rework": 23,
      "B": 23,
      "Reject": 6
    },
    "quality_percentages": {
      "A": 26.666666666666668,
      "C": 23.809523809523807,
      "Rework": 21.904761904761905,
      "B": 21.904761904761905,
      "Reject": 5.714285714285714
    }
  },
  "quality_by_steel_grade": {
    "A": {
      "201SS": 0,
      "409SS": 0,
      "A242": 4,
      "A36": 1,
      "A514": 3,
      "A572-50": 0,
      "A588": 1,
      "A709-50": 3,
      "A992": 1,
      "Q235": 3,
      "Q345": 2,
      "S235": 3,
      "S275": 2,
      "S355": 1,
      "S420": 2,
      "S460": 2
    },
    "B": {
      "201SS": 1,
      "409SS": 0,
      "A242": 4,
      "A36": 0,
      "A514": 1,
      "A572-50": 2,
      "A588": 3,
      "A709-50": 2,
      "A992": 1,
      "Q235": 0,
      "Q345": 1,
      "S235": 1,
      "S275": 1,
      "S355": 2,
      "S420": 3,
      "S460": 1
    },
    "C": {
      "201SS": 0,
      "409SS": 0,
      "A242": 2,
      "A36": 0,
      "A514": 2,
      "A572-50": 0,
      "A588": 1,
      "A709-50": 2,
      "A992": 1,
      "Q235": 3,
      "Q345": 4,
      "S235": 2,
      "S275": 2,
      "S355": 0,
      "S420": 1,
      "S460": 5
    },
    "Reject": {
      "201SS": 0,
      "409SS": 0,
      "A242": 0,
      "A36": 1,
      "A514": 0,
      "A572-50": 0,
      "A588": 1,
      "A709-50": 0,
      "A992": 0,
      "Q235": 2,
      "Q345": 0,
      "S235": 0,
      "S275": 0,
      "S355": 2,
      "S420": 0,
      "S460": 0
    },
    "Rework": {
      "201SS": 0,
      "409SS": 1,
      "A242": 0,
      "A36": 0,
      "A514": 2,
      "A572-50": 1,
      "A588": 5,
      "A709-50": 3,
      "A992": 1,
      "Q235": 2,
      "Q345": 0,
      "S235": 3,
      "S275": 3,
      "S355": 0,
      "S420": 1,
      "S460": 1
    }
  },
  "quality_by_production_line": {
    "A": {
      "Line-A1": 1,
      "Line-A2": 0,
      "Line-B1": 5,
      "Line-B2": 7,
      "Line-C1": 1,
      "Line-C2": 5,
      "Line-D1": 2,
      "Line-D2": 5,
      "Line-E1": 1,
      "Line-E2": 1
    },
    "B": {
      "Line-A1": 3,
      "Line-A2": 3,
      "Line-B1": 2,
      "Line-B2": 0,
      "Line-C1": 3,
      "Line-C2": 2,
      "Line-D1": 2,
      "Line-D2": 3,
      "Line-E1": 1,
      "Line-E2": 4
    },
    "C": {
      "Line-A1": 3,
      "Line-A2": 2,
      "Line-B1": 2,
      "Line-B2": 2,
      "Line-C1": 1,
      "Line-C2": 4,
      "Line-D1": 0,
      "Line-D2": 4,
      "Line-E1": 4,
      "Line-E2": 3
    },
    "Reject": {
      "Line-A1": 0,
      "Line-A2": 0,
      "Line-B1": 0,
      "Line-B2": 0,
      "Line-C1": 1,
      "Line-C2": 1,
      "Line-D1": 3,
      "Line-D2": 0,
      "Line-E1": 0,
      "Line-E2": 1
    },
    "Rework": {
      "Line-A1": 0,
      "Line-A2": 3,
      "Line-B1": 4,
      "Line-B2": 0,
      "Line-C1": 2,
      "Line-C2": 3,
      "Line-D1": 2,
      "Line-D2": 4,
      "Line-E1": 4,
      "Line-E2": 1
    }
  },
  "quality_trends": {
    "2025-07-07": {
      "A": 1,
      "B": 0,
      "C": 0,
      "Reject": 0,
      "Rework": 0
    },
    "2025-07-08": {
      "A": 0,
      "B": 0,
      "C": 0,
      "Reject": 1,
      "Rework": 0
    },
    "2025-07-09": {
      "A": 0,
      "B": 0,
      "C": 0,
      "Reject": 0,
      "Rework": 1
    },
    "2025-07-10": {
      "A": 0,
      "B": 0,
      "C": 1,
      "Reject": 0,
      "Rework": 0
    },
    "2025-07-11": {
      "A": 0,
      "B": 1,
      "C": 2,
      "Reject": 0,
      "Rework": 2
    },
    "2025-07-12": {
      "A": 0,
      "B": 0,
      "C": 0,
      "Reject": 0,
      "Rework": 1
    },
    "2025-07-13": {
      "A": 1,
      "B": 0,
      "C": 0,
      "Reject": 1,
      "Rework": 1
    },
    "2025-07-14": {
      "A": 0,
      "B": 0,
      "C": 0,
      "Reject": 0,
      "Rework": 1
    },
    "2025-07-15": {
      "A": 0,
      "B": 0,
      "C": 2,
      "Reject": 0,
      "Rework": 1
    },
    "2025-07-16": {
      "A": 0,
      "B": 0,
      "C": 0,
      "Reject": 0,
      "Rework": 1
    },
    "2025-07-17": {
      "A": 0,
      "B": 1,
      "C": 0,
      "Reject": 0,
      "Rework": 1
    },
    "2025-07-18": {
      "A": 3,
      "B": 2,
      "C": 2,
      "Reject": 1,
      "Rework": 2
    },
    "2025-07-19": {
      "A": 1,
      "B": 1,
      "C": 1,
      "Reject": 1,
      "Rework": 1
    },
    "2025-07-20": {
      "A": 0,
      "B": 1,
      "C": 2,
      "Reject": 0,
      "Rework": 0
    },
    "2025-07-21": {
      "A": 4,
      "B": 2,
      "C": 0,
      "Reject": 0,
      "Rework": 0
    },
    "2025-07-22": {
      "A": 0,
      "B": 0,
      "C": 0,
      "Reject": 0,
      "Rework": 1
    },
    "2025-07-23": {
      "A": 2,
      "B": 1,
      "C": 1,
      "Reject": 0,
      "Rework": 1
    },
    "2025-07-24": {
      "A": 1,
      "B": 0,
      "C": 1,
      "Reject": 0,
      "Rework": 1
    },
    "2025-07-25": {
      "A": 0,
      "B": 0,
      "C": 1,
      "Reject": 0,
      "Rework": 0
    },
    "2025-07-26": {
      "A": 0,
      "B": 1,
      "C": 1,
      "Reject": 0,
      "Rework": 0
    },
    "2025-07-27": {
      "A": 1,
      "B": 1,
      "C": 1,
      "Reject": 0,
      "Rework": 0
    },
    "2025-07-28": {
      "A": 0,
      "B": 0,
      "C": 1,
      "Reject": 0,
      "Rework": 1
    },
    "2025-07-29": {
      "A": 0,
      "B": 1,
      "C": 0,
      "Reject": 0,
      "Rework": 1
    },
    "2025-07-30": {
      "A": 0,
      "B": 0,
      "C": 1,
      "Reject": 0,
      "Rework": 0
    },
    "2025-07-31": {
      "A": 3,
      "B": 1,
      "C": 1,
      "Reject": 1,
      "Rework": 2
    },
    "2025-08-01": {
      "A": 3,
      "B": 1,
      "C": 0,
      "Reject": 1,
      "Rework": 0
    },
    "2025-08-02": {
      "A": 0,
      "B": 2,
      "C": 0,
      "Reject": 0,
      "Rework": 2
    },
    "2025-08-03": {
      "A": 2,
      "B": 0,
      "C": 1,
      "Reject": 0,
      "Rework": 2
    },
    "2025-08-04": {
      "A": 0,
      "B": 1,
      "C": 2,
      "Reject": 0,
      "Rework": 0
    },
    "2025-08-05": {
      "A": 3,
      "B": 1,
      "C": 1,
      "Reject": 0,
      "Rework": 0
    },
    "2025-08-06": {
      "A": 1,
      "B": 1,
      "C": 0,
      "Reject": 0,
      "Rework": 0
    },
    "2025-08-07": {
      "A": 1,
      "B": 2,
      "C": 0,
      "Reject": 0,
      "Rework": 0
    },
    "2025-08-08": {
      "A": 0,
      "B": 0,
      "C": 1,
      "Reject": 0,
      "Rework": 0
    },
    "2025-08-09": {
      "A": 0,
      "B": 1,
      "C": 1,
      "Reject": 0,
      "Rework": 0
    },
    "2025-08-10": {
      "A": 1,
      "B": 1,
      "C": 1,
      "Reject": 0,
      "Rework": 0
    }
  },
  "quality_issues": {
    "total_problematic_orders": 29,
    "reject_rate": 5.714285714285714,
    "rework_rate": 21.904761904761905,
    "issues_by_steel_grade": {
      "A588": 6,
      "Q235": 4,
      "S275": 3,
      "S235": 3,
      "A709-50": 3,
      "A514": 2,
      "S355": 2,
      "S460": 1,
      "A992": 1,
      "A36": 1,
      "409SS": 1,
      "A572-50": 1,
      "S420": 1
    },
    "issues_by_production_line": {
      "Line-D1": 5,
      "Line-E1": 4,
      "Line-D2": 4,
      "Line-C2": 4,
      "Line-B1": 4,
      "Line-A2": 3,
      "Line-C1": 3,
      "Line-E2": 2
    }
  }
}