metric,value
timestamp,2025-08-05T21:29:24.074324
total_orders,105
total_value,1517282.3400000003
total_weight,959178.17
average_order_value,14450.308000000003
average_weight,9135.030190476191
