metric,value
timestamp,2025-08-06T13:31:38.681172
total_orders,105
total_value,1517282.3400000003
total_weight,959178.17
average_order_value,14450.308000000003
average_weight,9135.030190476191
